Vector Size (2^20),Iteration,C Timing (s),Assembly Timing (s)
1048576,1,0.005000,0.002000
,2,0.004000,0.002000
,3,0.005000,0.001000
,4,0.005000,0.002000
,5,0.004000,0.001000
,6,0.005000,0.002000
,7,0.005000,0.002000
,8,0.004000,0.001000
,9,0.006000,0.002000
,10,0.004000,0.002000
,11,0.005000,0.001000
,12,0.005000,0.002000
,13,0.004000,0.001000
,14,0.005000,0.002000
,15,0.005000,0.002000
,16,0.004000,0.001000
,17,0.005000,0.002000
,18,0.004000,0.002000
,19,0.005000,0.001000
,20,0.005000,0.002000
,21,0.005000,0.001000
,22,0.004000,0.002000
,23,0.005000,0.002000
,24,0.005000,0.001000
,25,0.004000,0.002000
,26,0.005000,0.001000
,27,0.005000,0.002000
,28,0.004000,0.001000
,29,0.005000,0.002000
,30,0.004000,0.001000
,31,0.005000,0.002000
,32,0.005000,0.001000
,33,0.004000,0.002000
,34,0.005000,0.001000
,35,0.004000,0.002000
,36,0.005000,0.001000
,37,0.005000,0.002000
,38,0.004000,0.002000
,39,0.005000,0.001000
,40,0.004000,0.002000
,41,0.005000,0.001000
,42,0.004000,0.002000
,43,0.005000,0.001000
,44,0.005000,0.002000
,45,0.004000,0.001000
,46,0.005000,0.002000
,47,0.005000,0.001000
,48,0.006000,0.002000
,49,0.005000,0.001000
,50,0.005000,0.002000

, , Average Time (s): 0.004700, Average Time (s): 0.001580
